{"cameraMode":{"drawMode":0,"name":"Shaded","section":"Shading Mode"},"sceneLighting":true,"audioPlay":false,"sceneViewState":{"showFog":true,"showMaterialUpdate":false,"showSkybox":true,"showFlares":true,"showImageEffects":true,"showParticleSystems":true},"in2DMode":false,"pivot":{"x":13.891590118408204,"y":2.9750494956970217,"z":-7.203352928161621},"rotation":{"x":-0.002093791961669922,"y":0.9872510433197022,"z":-0.1586228460073471,"w":-0.013031581416726113},"size":11.411661148071289,"orthographic":false}