{"cameraMode":{"drawMode":0,"name":"Shaded","section":"Shading Mode"},"sceneLighting":true,"audioPlay":false,"sceneViewState":{"showFog":true,"showMaterialUpdate":false,"showSkybox":true,"showFlares":true,"showImageEffects":true,"showParticleSystems":true},"in2DMode":false,"pivot":{"x":3.2398290634155275,"y":1.198106288909912,"z":0.5253239870071411},"rotation":{"x":0.02449280023574829,"y":0.9633926749229431,"z":-0.24990470707416535,"w":0.09428632259368897},"size":0.9009777903556824,"orthographic":false}