{"cameraMode":{"drawMode":0,"name":"Shaded","section":"Shading Mode"},"sceneLighting":false,"audioPlay":false,"sceneViewState":{"showFog":true,"showMaterialUpdate":false,"showSkybox":false,"showFlares":true,"showImageEffects":true,"showParticleSystems":true},"in2DMode":false,"pivot":{"x":7.20366096496582,"y":0.9312784671783447,"z":-4.268190383911133},"rotation":{"x":0.15489666163921357,"y":-0.7519689202308655,"z":0.19019606709480287,"w":0.6119313836097717},"size":6.02128267288208,"orthographic":false}