{"cameraMode":{"drawMode":0,"name":"Shaded","section":"Shading Mode"},"sceneLighting":true,"audioPlay":false,"sceneViewState":{"showFog":true,"showMaterialUpdate":false,"showSkybox":true,"showFlares":true,"showImageEffects":true,"showParticleSystems":true},"in2DMode":false,"pivot":{"x":10.028637886047364,"y":3.2527689933776857,"z":6.5021138191223148},"rotation":{"x":0.0033570704981684686,"y":0.9957107305526733,"z":0.040040113031864169,"w":-0.08353360742330551},"size":10.114715576171875,"orthographic":false}