{"cameraMode":{"drawMode":0,"name":"Shaded","section":"Shading Mode"},"sceneLighting":true,"audioPlay":false,"sceneViewState":{"showFog":true,"showMaterialUpdate":false,"showSkybox":true,"showFlares":true,"showImageEffects":true,"showParticleSystems":true},"in2DMode":false,"pivot":{"x":0.7984261512756348,"y":2.6322994232177736,"z":16.57809829711914},"rotation":{"x":-0.045137081295251849,"y":-0.32862335443496706,"z":-0.015355018898844719,"w":0.9433685541152954},"size":5.952755928039551,"orthographic":false}