{"cameraMode":{"drawMode":0,"name":"Shaded","section":"Shading Mode"},"sceneLighting":false,"audioPlay":false,"sceneViewState":{"showFog":true,"showMaterialUpdate":false,"showSkybox":false,"showFlares":true,"showImageEffects":true,"showParticleSystems":true},"in2DMode":false,"pivot":{"x":2.647185802459717,"y":2.8353111743927,"z":-1.8849366903305054},"rotation":{"x":0.1404031664133072,"y":-0.8026863932609558,"z":0.20818139612674714,"w":0.5410405397415161},"size":3.9708921909332277,"orthographic":false}