{"cameraMode":{"drawMode":0,"name":"Shaded","section":"Shading Mode"},"sceneLighting":false,"audioPlay":false,"sceneViewState":{"showFog":true,"showMaterialUpdate":false,"showSkybox":false,"showFlares":true,"showImageEffects":true,"showParticleSystems":true},"in2DMode":false,"pivot":{"x":-0.0027494430541992189,"y":0.4006061255931854,"z":-0.0011920928955078126},"rotation":{"x":0.03813369944691658,"y":-0.24158352613449098,"z":0.009501395747065544,"w":0.9695842862129211},"size":0.8869785666465759,"orthographic":false}