{"cameraMode":{"drawMode":0,"name":"Shaded","section":"Shading Mode"},"sceneLighting":false,"audioPlay":false,"sceneViewState":{"showFog":true,"showMaterialUpdate":false,"showSkybox":false,"showFlares":true,"showImageEffects":true,"showParticleSystems":true},"in2DMode":false,"pivot":{"x":0.3576471507549286,"y":0.5790354013442993,"z":1.025187611579895},"rotation":{"x":-0.056072160601615909,"y":-0.9288479685783386,"z":0.1575334668159485,"w":-0.33064985275268557},"size":2.168900728225708,"orthographic":false}