{"cameraMode":{"drawMode":0,"name":"Shaded","section":"Shading Mode"},"sceneLighting":false,"audioPlay":false,"sceneViewState":{"showFog":true,"showMaterialUpdate":false,"showSkybox":false,"showFlares":true,"showImageEffects":true,"showParticleSystems":true},"in2DMode":false,"pivot":{"x":0.11855630576610565,"y":0.9521429538726807,"z":-0.5279783010482788},"rotation":{"x":-0.3471587300300598,"y":-0.0677286759018898,"z":0.025142380967736245,"w":-0.9350459575653076},"size":1.2210276126861573,"orthographic":false}